init_T,D
0,-0.000016
100,0.857314
200,1.305884
300,1.876732
400,2.285965
500,3.401371
600,3.171830
700,2.903114
800,2.426313
900,2.166328
1000,1.931588
